{
  "group_id": -1003605594009,
  "auto_times": [
    "07:00",
    "19:00"
  ],
  "last_collect_stats": {
    "timestamp": 1768183508.2519598,
    "user_count": 1,
    "link_count": 1
  },
  "bot_start_time": 1768183497.321749
}